row_index,record_id,target_class,split
0,1,0,train
1,2,2,train
2,3,1,test
3,4,0,test
4,5,0,train
5,6,0,train
6,7,3,train
7,8,0,train
8,9,2,train
9,10,1,train
10,11,0,train
11,12,0,train
12,13,2,train
13,14,0,train
14,15,0,train
15,16,0,train
16,17,1,train
17,18,0,train
18,19,0,train
19,20,0,train
20,21,0,test
21,22,0,train
22,23,1,train
23,24,3,train
24,25,4,train
25,26,0,train
26,27,0,train
27,28,0,train
28,29,0,train
29,30,3,train
30,31,0,train
31,32,2,train
32,33,1,train
33,34,0,test
34,35,0,test
35,36,0,train
36,37,3,test
37,38,1,train
38,39,3,test
39,40,0,train
40,41,4,train
41,42,0,train
42,43,0,train
43,44,0,train
44,45,1,train
45,46,4,train
46,47,0,train
47,48,4,train
48,49,0,train
49,50,0,train
50,51,0,train
51,52,0,train
52,53,2,train
53,54,0,train
54,55,1,train
55,56,1,train
56,57,1,train
57,58,1,train
58,59,0,train
59,60,0,test
60,61,2,train
61,62,0,train
62,63,1,train
63,64,0,train
64,65,2,train
65,66,2,test
66,67,1,train
67,68,0,train
68,69,2,train
69,70,1,train
70,71,0,train
71,72,3,train
72,73,1,train
73,74,1,test
74,75,1,train
75,76,0,train
76,77,1,train
77,78,0,train
78,79,0,train
79,80,3,train
80,81,0,train
81,82,0,test
82,83,0,train
83,84,3,train
84,85,0,train
85,86,0,train
86,87,0,train
87,88,0,test
88,89,0,test
89,90,0,test
90,91,0,train
91,92,3,train
92,93,0,test
93,94,0,test
94,95,0,test
95,96,1,train
96,97,2,train
97,98,3,train
98,99,0,train
99,100,0,train
100,101,0,train
101,102,0,test
102,103,0,train
103,104,0,train
104,105,3,train
105,106,0,train
106,107,2,train
107,108,1,train
108,109,2,train
109,110,3,train
110,111,1,train
111,112,1,test
112,113,0,train
113,114,2,train
114,115,2,train
115,116,0,train
116,117,0,train
117,118,0,train
118,119,3,train
119,120,2,train
120,121,3,train
121,122,4,train
122,123,0,train
123,124,3,train
124,125,1,test
125,126,0,train
126,127,3,train
127,128,3,train
128,129,0,train
129,130,0,train
130,131,0,train
131,132,0,test
132,133,0,train
133,134,0,train
134,135,0,train
135,136,0,train
136,137,4,train
137,138,3,train
138,139,1,train
139,140,0,train
140,141,0,train
141,142,1,train
142,143,0,train
143,144,1,train
144,145,0,train
145,146,1,train
146,147,4,test
147,148,0,test
148,149,0,train
149,150,0,train
150,151,0,train
151,152,0,train
152,153,0,train
153,154,4,train
154,155,3,train
155,156,1,train
156,157,1,test
157,158,1,train
158,159,2,test
159,160,0,train
160,161,0,test
161,162,4,train
162,163,0,test
163,164,0,train
164,165,0,train
165,166,0,test
166,167,0,train
167,168,0,train
168,169,1,train
169,170,0,train
170,171,3,train
171,172,0,train
172,173,1,train
173,174,0,train
174,175,4,train
175,176,1,train
176,177,0,train
177,178,1,test
178,179,0,train
179,180,0,test
180,181,3,train
181,182,2,test
182,183,0,train
183,184,0,train
184,185,1,train
185,186,0,test
186,187,0,train
187,188,2,train
188,189,1,train
189,190,2,train
190,191,0,train
191,192,3,train
192,193,1,train
193,194,2,train
194,195,0,test
195,196,3,train
196,197,0,test
197,198,0,train
198,199,0,train
199,200,1,train
200,201,0,train
201,202,0,train
202,203,0,train
203,204,0,train
204,205,0,train
205,206,3,train
206,207,3,train
207,208,3,train
208,209,0,train
209,210,1,train
210,211,0,train
211,212,4,train
212,213,0,train
213,214,3,train
214,215,1,train
215,216,0,train
216,217,0,train
217,218,0,train
218,219,0,train
219,220,0,test
220,221,0,train
221,222,0,train
222,223,0,train
223,224,3,train
224,225,1,train
225,226,0,train
226,227,0,train
227,228,0,train
228,229,3,test
229,230,2,train
230,231,0,train
231,232,2,train
232,233,1,train
233,234,0,train
234,235,0,test
235,236,3,test
236,237,2,train
237,238,1,train
238,239,0,train
239,240,0,train
240,241,0,train
241,242,0,test
242,243,0,train
243,244,2,test
244,245,0,train
245,246,2,train
246,247,2,train
247,248,1,train
248,249,3,train
249,250,0,train
250,251,0,train
251,252,1,train
252,253,0,train
253,254,0,train
254,255,0,train
255,256,0,train
256,257,0,train
257,258,0,train
258,259,0,train
259,260,1,train
260,261,0,train
261,262,3,train
262,263,0,train
263,264,0,train
264,265,4,test
265,266,2,test
266,267,2,test
267,268,2,train
268,269,1,test
269,270,0,test
270,271,1,test
271,272,0,train
272,273,2,train
273,274,0,test
274,275,1,train
275,276,0,train
276,277,0,train
277,278,0,train
278,279,1,train
279,280,0,train
280,281,2,train
281,282,0,train
282,283,3,train
283,284,0,train
284,285,2,train
285,286,4,train
286,287,2,train
287,288,0,train
288,289,0,train
289,290,0,test
290,291,1,train
291,292,0,test
292,293,2,train
293,294,2,train
294,295,1,train
295,296,0,train
296,297,3,train
297,298,1,train
298,299,1,train
299,300,2,test
300,301,3,train
301,302,1,train
302,303,0,train
303,304,0,train
304,305,0,train
305,306,0,test
306,307,0,train
307,308,0,train
308,309,0,test
309,310,0,train
310,311,0,train
311,312,0,train
312,313,0,train
313,314,0,test
314,315,0,train
315,316,0,train
316,317,0,train
317,318,0,train
318,319,0,train
319,320,0,train
320,321,0,train
321,322,0,train
322,323,0,train
323,324,0,train
324,325,0,train
325,326,0,train
326,327,0,test
327,328,0,test
328,329,0,test
329,330,0,test
330,331,0,test
331,332,0,train
332,333,0,train
333,334,0,train
334,335,0,train
335,336,0,train
336,337,0,train
337,338,0,train
338,339,0,train
339,340,0,train
340,341,0,test
341,342,0,train
342,343,0,train
343,344,0,train
344,345,0,test
345,346,0,train
346,347,0,train
347,348,0,train
348,349,0,train
349,350,0,train
350,351,0,train
351,352,0,test
352,353,0,train
353,354,0,test
354,355,0,train
355,356,0,train
356,357,0,test
357,358,0,train
358,359,0,train
359,360,0,train
360,361,0,train
361,362,0,train
362,363,0,train
363,364,0,train
364,365,0,train
365,366,0,train
366,367,0,train
367,368,0,train
368,369,0,train
369,370,0,train
370,371,0,train
371,372,0,train
372,373,0,train
373,374,0,train
374,375,0,test
375,376,0,train
376,377,0,train
377,378,0,train
378,379,0,train
379,380,0,train
380,381,0,test
381,382,0,train
382,383,0,test
383,384,0,train
384,385,0,train
385,386,0,train
386,387,0,train
387,388,0,train
388,389,0,train
389,390,0,train
390,391,0,test
391,392,0,test
392,393,0,train
393,394,0,train
394,395,0,train
395,396,0,train
396,397,0,test
397,398,0,train
398,399,0,test
399,400,0,train
400,401,0,train
401,402,0,train
402,403,0,test
403,404,0,test
404,405,0,train
405,406,0,train
406,407,0,train
407,408,0,train
408,409,0,test
409,410,0,test
410,411,0,train
411,412,0,train
412,413,0,test
413,414,0,train
414,415,0,train
415,416,0,test
416,417,0,train
417,418,0,train
418,419,0,train
419,420,0,train
420,421,0,train
421,422,0,train
422,423,0,train
423,424,0,train
424,425,0,train
425,426,0,train
426,427,0,train
427,428,0,train
428,429,0,train
429,430,0,train
430,431,0,train
431,432,0,train
432,433,0,test
433,434,0,train
434,435,0,test
435,436,0,train
436,437,0,train
437,438,0,train
438,439,0,train
439,440,0,train
440,441,0,train
441,442,0,train
442,443,0,test
443,444,0,train
444,445,0,train
445,446,0,test
446,447,0,train
447,448,0,test
448,449,0,test
449,450,0,train
450,451,0,train
451,452,0,train
452,453,0,test
453,454,0,train
454,455,0,test
455,456,0,train
456,457,0,train
457,458,0,train
458,459,0,test
459,460,0,train
460,461,0,train
461,462,0,train
462,463,0,train
463,464,0,train
464,465,0,train
465,466,0,train
466,467,0,train
467,468,0,test
468,469,0,train
469,470,0,test
470,471,0,train
471,472,0,train
472,473,0,train
473,474,0,train
474,475,0,train
475,476,0,train
476,477,0,train
477,478,0,train
478,479,0,test
479,480,0,train
480,481,0,train
481,482,0,train
482,483,0,test
483,484,0,test
484,485,0,test
485,486,0,train
486,487,0,train
487,488,0,test
488,489,0,train
489,490,0,train
490,491,0,train
491,492,1,train
492,493,1,train
493,494,1,test
494,495,1,train
495,496,1,train
496,497,1,train
497,498,1,test
498,499,1,train
499,500,1,train
500,501,1,train
501,502,1,train
502,503,1,train
503,504,1,train
504,505,1,test
505,506,1,train
506,507,1,train
507,508,1,train
508,509,1,train
509,510,1,train
510,511,1,train
511,512,1,test
512,513,1,train
513,514,1,train
514,515,1,train
515,516,1,train
516,517,1,train
517,518,1,train
518,519,1,train
519,520,1,train
520,521,1,train
521,522,1,test
522,523,1,train
523,524,1,train
524,525,1,test
525,526,1,test
526,527,1,train
527,528,1,test
528,529,1,test
529,530,1,test
530,531,1,train
531,532,1,test
532,533,1,train
533,534,1,train
534,535,1,train
535,536,1,train
536,537,1,train
537,538,1,train
538,539,1,train
539,540,1,train
540,541,1,train
541,542,1,test
542,543,1,train
543,544,1,train
544,545,1,train
545,546,1,train
546,547,1,train
547,548,1,train
548,549,1,train
549,550,1,train
550,551,1,train
551,552,1,train
552,553,1,test
553,554,1,test
554,555,1,train
555,556,1,test
556,557,1,train
557,558,1,test
558,559,1,train
559,560,1,test
560,561,1,train
561,562,1,test
562,563,1,test
563,564,1,train
564,565,1,test
565,566,1,train
566,567,1,train
567,568,1,train
568,569,1,train
569,570,1,train
570,571,1,train
571,572,1,train
572,573,1,test
573,574,1,train
574,575,1,train
575,576,1,test
576,577,1,train
577,578,1,train
578,579,1,train
579,580,1,test
580,581,1,test
581,582,1,train
582,583,1,test
583,584,1,train
584,585,1,train
585,586,1,train
586,587,1,train
587,588,1,train
588,589,1,train
589,590,1,test
590,591,1,train
591,592,1,train
592,593,1,train
593,594,1,test
594,595,1,train
595,596,1,train
596,597,1,train
597,598,1,train
598,599,1,train
599,600,3,train
600,601,1,train
601,602,2,train
602,603,1,train
603,604,0,train
604,605,1,train
605,606,2,train
606,607,1,train
607,608,2,train
608,609,2,train
609,610,1,train
610,611,2,test
611,612,3,train
612,613,4,train
613,614,2,train
614,615,0,train
615,616,1,train
616,617,1,train
617,618,1,train
618,619,3,test
619,620,2,train
620,621,1,train
621,622,2,train
622,623,1,train
623,624,3,train
624,625,3,train
625,626,1,train
626,627,2,train
627,628,4,train
628,629,3,train
629,630,2,train
630,631,1,train
631,632,2,train
632,633,2,train
633,634,2,train
634,635,2,test
635,636,2,train
636,637,2,train
637,638,3,train
638,639,0,train
639,640,1,train
640,641,1,train
641,642,1,train
642,643,4,train
643,644,2,train
644,645,0,train
645,646,2,train
646,647,3,train
647,648,1,test
648,649,0,train
649,650,1,train
650,651,4,test
651,652,2,train
652,653,0,train
653,654,2,train
654,655,2,train
655,656,1,train
656,657,2,test
657,658,2,train
658,659,3,train
659,660,1,train
660,661,1,test
661,662,3,train
662,663,2,test
663,664,3,train
664,665,2,train
665,666,1,train
666,667,1,test
667,668,4,train
668,669,1,train
669,670,1,train
670,671,3,train
671,672,2,train
672,673,1,train
673,674,1,test
674,675,1,train
675,676,3,train
676,677,1,test
677,678,3,train
678,679,3,test
679,680,1,test
680,681,3,test
681,682,1,train
682,683,1,train
683,684,3,test
684,685,3,train
685,686,3,train
686,687,1,test
687,688,2,test
688,689,2,test
689,690,2,train
690,691,1,train
691,692,1,train
692,693,3,train
693,694,2,train
694,695,1,train
695,696,3,train
696,697,1,train
697,698,2,train
698,699,3,train
699,700,3,train
700,701,1,train
701,702,3,train
702,703,1,train
703,704,1,train
704,705,1,train
705,706,3,train
706,707,0,train
707,708,3,train
708,709,1,train
709,710,3,train
710,711,2,train
711,712,3,test
712,713,1,train
713,714,1,test
714,715,3,test
715,716,1,train
716,717,3,train
717,718,0,test
718,719,1,train
719,720,1,train
720,721,2,train
721,722,0,train
722,723,2,train
723,724,1,train
724,725,0,train
725,726,0,train
726,727,3,train
727,728,0,test
728,729,3,train
729,730,1,train
730,731,0,train
731,732,1,train
732,733,1,train
733,734,1,train
734,735,1,train
735,736,0,train
736,737,4,train
737,738,1,train
738,739,0,train
739,740,0,train
740,741,2,train
741,742,1,train
742,743,3,train
743,744,0,train
744,745,2,test
745,746,2,test
746,747,2,train
747,748,1,test
748,749,1,train
749,750,3,train
750,751,3,train
751,752,3,train
752,753,3,train
753,754,3,train
754,755,2,train
755,756,3,train
756,757,2,test
757,758,0,train
758,759,1,train
759,760,0,train
760,761,3,train
761,762,1,train
762,763,3,train
763,764,0,train
764,765,4,train
765,766,2,train
766,767,1,train
767,768,0,test
768,769,2,train
769,770,0,train
770,771,1,train
771,772,0,test
772,773,2,train
773,774,0,test
774,775,1,train
775,776,2,train
776,777,2,train
777,778,3,train
778,779,0,train
779,780,1,train
780,781,0,train
781,782,2,train
782,783,1,train
783,784,4,train
784,785,2,train
785,786,2,train
786,787,3,train
787,788,1,test
788,789,1,train
789,790,1,test
790,791,0,train
791,792,2,train
792,793,0,train
793,794,3,test
794,795,3,train
795,796,1,train
796,797,2,train
797,798,3,test
798,799,2,train
799,800,1,train
800,801,0,train
801,802,2,train
802,803,2,train
803,804,2,test
804,805,4,test
805,806,2,train
806,807,3,test
807,808,0,train
808,809,1,test
809,810,1,train
810,811,3,train
811,812,0,train
812,813,3,train
813,814,1,train
814,815,0,train
815,816,3,train
816,817,0,train
817,818,1,train
818,819,1,train
819,820,0,test
820,821,1,train
821,822,3,train
822,823,1,train
823,824,1,test
824,825,0,train
825,826,3,train
826,827,1,train
827,828,1,train
828,829,0,train
829,830,0,train
830,831,3,test
831,832,0,train
832,833,3,train
833,834,1,train
834,835,1,train
835,836,3,train
836,837,2,test
837,838,2,train
838,839,3,test
839,840,1,train
840,841,2,train
841,842,3,train
842,843,1,test
843,844,0,train
844,845,1,test
845,846,4,train
846,847,1,train
847,848,2,train
848,849,0,train
849,850,0,train
850,851,1,train
851,852,3,train
852,853,1,train
853,854,0,train
854,855,3,train
855,856,0,test
856,857,3,train
857,858,3,train
858,859,0,train
859,860,2,train
860,861,0,train
861,862,4,train
862,863,2,train
863,864,4,test
864,865,0,train
865,866,0,train
866,867,0,train
867,868,1,train
868,869,3,train
869,870,3,test
870,871,0,train
871,872,3,train
872,873,1,train
873,874,1,test
874,875,2,train
875,876,2,train
876,877,2,train
877,878,2,train
878,879,2,test
879,880,1,train
880,881,4,train
881,882,3,test
882,883,3,test
883,884,3,train
884,885,1,train
885,886,3,test
886,887,2,test
887,888,0,test
888,889,2,test
889,890,1,train
890,891,1,train
891,892,0,train
892,893,3,train
893,894,1,test
894,895,0,train
895,896,0,test
896,897,4,test
897,898,2,train
898,899,3,test
899,900,1,train
900,901,1,train
901,902,0,train
902,903,1,train
903,904,1,train
904,905,0,train
905,906,1,train
906,907,3,test
907,908,2,train
908,909,2,test
909,910,0,train
910,911,0,test
911,912,4,train
912,913,3,train
913,914,1,train
914,915,2,train
915,916,1,train
916,917,0,train
917,918,2,train
918,919,0,test
919,920,1,test
